Library,Distance_km,Bray_Curtis
S1BPL-S2BBB,67.83,0.686302509
S1BPL-S3CHL,23.02,0.945442348
S1BPL-S4COP,77.52,0.513632253
S1BPL-S5COP,77.52,0.701778857
S1BPL-S6FTF,12.14,0.654291068
S1BPL-S7FXG,95.34,0.951209202
S1BPL-S8FZJ,113.17,0.531744776
S1BPL-S9SHC,46.01,0.718799695
S1BPL-S10HKG,195.41,0.86121956
S1BPL-S11INL,163.78,0.907344829
S1BPL-S12KNP,49.66,0.708014694
S1BPL-S13LMK,47.51,0.706375535
S1BPL-S14MPL,118.74,0.820609602
S1BPL-S15PAR,49.68,0.713464092
S1BPL-S16PCT,43.43,0.876259547
S1BPL-S17PTF,18.11,0.61067405
S1BPL-S18RBY,24.56,0.689345111
S1BPL-S19TCF,15.12,0.408245614
S1BPL-S20WHT,132.22,0.944729351
S2BBB-S3CHL,44.98,0.966127326
S2BBB-S4COP,16.83,0.547956001
S2BBB-S5COP,16.83,0.039909384
S2BBB-S6FTF,56.49,0.078042608
S2BBB-S7FXG,35.01,0.965363219
S2BBB-S8FZJ,52.57,0.175103354
S2BBB-S9SHC,40.94,0.960276687
S2BBB-S10HKG,134.77,0.959638868
S2BBB-S11INL,102.33,0.95717779
S2BBB-S12KNP,33.29,0.95717779
S2BBB-S13LMK,28.82,0.956542503
S2BBB-S14MPL,57.37,0.95717779
S2BBB-S15PAR,21.01,0.725853569
S2BBB-S16PCT,28.14,0.95717779
S2BBB-S17PTF,49.7,0.096550783
S2BBB-S18RBY,46.04,0.956935989
S2BBB-S19TCF,52.71,0.505499771
S2BBB-S20WHT,73.33,0.959838254
S3CHL-S4COP,54.63,0.57872806
S3CHL-S5COP,54.63,0.991748048
S3CHL-S6FTF,11.54,0.917272874
S3CHL-S7FXG,72.75,0.053602944
S3CHL-S8FZJ,90.74,0.980161109
S3CHL-S9SHC,32.88,0.968649105
S3CHL-S10HKG,172.92,0.728889716
S3CHL-S11INL,141.37,0.77147545
S3CHL-S12KNP,33.14,0.765954866
S3CHL-S13LMK,28.93,0.874077142
S3CHL-S14MPL,96.16,0.1983706
S3CHL-S15PAR,28.43,0.244005466
S3CHL-S16PCT,23.46,0.097418731
S3CHL-S17PTF,5.04,0.989763601
S3CHL-S18RBY,11.78,0.364074155
S3CHL-S19TCF,7.96,0.972399297
S3CHL-S20WHT,110.18,0.946874889
S4COP-S5COP,0,0.564529892
S4COP-S6FTF,65.57,0.480318906
S4COP-S7FXG,19.09,0.577624542
S4COP-S8FZJ,37.25,0.43863139
S4COP-S9SHC,57.13,0.931450764
S4COP-S10HKG,119.43,0.633860359
S4COP-S11INL,87.8,0.739675837
S4COP-S12KNP,49.71,0.738028193
S4COP-S13LMK,44.65,0.844948982
S4COP-S14MPL,42.41,0.542017266
S4COP-S15PAR,36.13,0.337488021
S4COP-S16PCT,42.84,0.542017266
S4COP-S17PTF,59.69,0.541667547
S4COP-S18RBY,58.56,0.536045366
S4COP-S19TCF,62.61,0.484189327
S4COP-S20WHT,57.71,0.933445386
S5COP-S6FTF,65.57,0.112873287
S5COP-S7FXG,19.09,0.991333632
S5COP-S8FZJ,37.25,0.170982096
S5COP-S9SHC,57.13,0.991748048
S5COP-S10HKG,119.43,0.974944738
S5COP-S11INL,87.8,0.991556234
S5COP-S12KNP,49.71,0.991748048
S5COP-S13LMK,44.65,0.990678621
S5COP-S14MPL,42.41,0.991748048
S5COP-S15PAR,36.13,0.758664985
S5COP-S16PCT,42.84,0.991748048
S5COP-S17PTF,59.69,0.107089317
S5COP-S18RBY,58.56,0.985776148
S5COP-S19TCF,62.61,0.517428363
S5COP-S20WHT,57.71,0.991544574
S6FTF-S7FXG,83.21,0.916290173
S6FTF-S8FZJ,101.11,0.175051556
S6FTF-S9SHC,40.37,0.941317455
S6FTF-S10HKG,183.29,0.902322257
S6FTF-S11INL,151.52,0.879650098
S6FTF-S12KNP,42.36,0.890055611
S6FTF-S13LMK,39,0.891656728
S6FTF-S14MPL,106.6,0.890055611
S6FTF-S15PAR,39.6,0.676746918
S6FTF-S16PCT,34.07,0.890055611
S6FTF-S17PTF,7.33,0.083863392
S6FTF-S18RBY,17.43,0.889762012
S6FTF-S19TCF,4.78,0.487180246
S6FTF-S20WHT,120.09,0.933814329
S7FXG-S8FZJ,18.25,0.979746693
S7FXG-S9SHC,78.89,0.967960003
S7FXG-S10HKG,100.42,0.727786198
S7FXG-S11INL,68.96,0.771714071
S7FXG-S12KNP,68.33,0.772461107
S7FXG-S13LMK,63.47,0.880168967
S7FXG-S14MPL,23.56,0.250226122
S7FXG-S15PAR,55.21,0.243316365
S7FXG-S16PCT,61.92,0.101290904
S7FXG-S17PTF,77.79,0.988660083
S7FXG-S18RBY,77.39,0.413743781
S7FXG-S19TCF,80.63,0.971295779
S7FXG-S20WHT,38.58,0.945888391
S8FZJ-S9SHC,93.53,0.980209444
S8FZJ-S10HKG,82.17,0.890211562
S8FZJ-S11INL,50.75,0.980161109
S8FZJ-S12KNP,85.91,0.980161109
S8FZJ-S13LMK,81.31,0.979091683
S8FZJ-S14MPL,5.57,0.980161109
S8FZJ-S15PAR,73.11,0.747078046
S8FZJ-S16PCT,79.96,0.980161109
S8FZJ-S17PTF,98.61,0.186139691
S8FZJ-S18RBY,95.63,0.974189209
S8FZJ-S19TCF,98.61,0.481649698
S8FZJ-S20WHT,20.76,0.980244152
S9SHC-S10HKG,175.72,0.962148398
S9SHC-S11INL,143.01,0.924314973
S9SHC-S12KNP,7.84,0.721956399
S9SHC-S13LMK,12.64,0.098654244
S9SHC-S14MPL,98.24,0.843816359
S9SHC-S15PAR,21.57,0.957745661
S9SHC-S16PCT,16.73,0.892452657
S9SHC-S17PTF,33.9,0.884800082
S9SHC-S18RBY,22.9,0.679937996
S9SHC-S19TCF,35.68,0.498804214
S9SHC-S20WHT,114.27,0.95524545
S10HKG-S11INL,33.15,0.141762936
S10HKG-S12KNP,168.02,0.769741329
S10HKG-S13LMK,163.54,0.873764216
S10HKG-S14MPL,77.21,0.722417043
S10HKG-S15PAR,155.34,0.723879677
S10HKG-S16PCT,162.2,0.722417043
S10HKG-S17PTF,177.99,0.982512328
S10HKG-S18RBY,177.8,0.716445143
S10HKG-S19TCF,180.81,0.925034108
S10HKG-S20WHT,61.76,0.940068772
S11INL-S12KNP,135.1,0.730169757
S11INL-S13LMK,131.11,0.83664439
S11INL-S14MPL,45.36,0.727141318
S11INL-S15PAR,123.17,0.768229655
S11INL-S16PCT,130.24,0.727918353
S11INL-S17PTF,146.29,0.94542947
S11INL-S18RBY,146.21,0.727141318
S11INL-S19TCF,149.1,0.928065165
S11INL-S20WHT,31.6,0.934230329
S12KNP-S13LMK,6.4,0.624700023
S12KNP-S14MPL,90.49,0.592370997
S12KNP-S15PAR,14.96,0.766582011
S12KNP-S16PCT,12.2,0.692392485
S12KNP-S17PTF,35.28,0.884800082
S12KNP-S18RBY,25.34,0.52103364
S12KNP-S19TCF,37.56,0.725706591
S12KNP-S20WHT,106.58,0.934230329
S13LMK-S14MPL,86.15,0.746559983
S13LMK-S15PAR,8.9,0.871961088
S13LMK-S16PCT,6.17,0.800514761
S13LMK-S17PTF,31.74,0.88402148
S13LMK-S18RBY,22.96,0.586068086
S13LMK-S19TCF,34.29,0.497734787
S13LMK-S20WHT,102.01,0.933831326
S14MPL-S15PAR,78.07,0.246741705
S14MPL-S16PCT,85.03,0.164536256
S14MPL-S17PTF,101.22,0.884800082
S14MPL-S18RBY,100.86,0.220219198
S14MPL-S19TCF,104.05,0.847566551
S14MPL-S20WHT,16.59,0.934230329
S15PAR-S16PCT,7.21,0.233102023
S15PAR-S17PTF,32.27,0.745777094
S15PAR-S18RBY,26.14,0.410673781
S15PAR-S19TCF,35.18,0.72841279
S15PAR-S20WHT,93.76,0.935971446
S16PCT-S17PTF,26.77,0.913567153
S16PCT-S18RBY,19.33,0.334232851
S16PCT-S19TCF,29.45,0.896202848
S16PCT-S20WHT,100.56,0.934230329
S17PTF-S18RBY,19.34,0.88402148
S17PTF-S19TCF,2.99,0.426313292
S17PTF-S20WHT,115.19,0.976925831
S18RBY-S19TCF,12.74,0.677716287
S18RBY-S20WHT,115.67,0.933932933
S19TCF-S20WHT,117.91,0.959773129
